name,email
John1,john1@yopmail.com
John2,john2@yopmail.com
John3,john3@yopmail.com
John4,john4@yopmail.com
John5,john5@yopmail.com
John6,john6@yopmail.com
John7,john7@yopmail.com
John8,john8@yopmail.com
John9,john9@yopmail.com
John10,john10@yopmail.com
John11,john11@yopmail.com
John12,john12@yopmail.com
John13,john13@yopmail.com
John14,john14@yopmail.com
John15,john15@yopmail.com
John16,john16@yopmail.com
John17,john17@yopmail.com
John18,john18@yopmail.com
John19,john19@yopmail.com
John20,john20@yopmail.com
John21,john21@yopmail.com
John22,john22@yopmail.com
John23,john23@yopmail.com
John24,john24@yopmail.com
John25,john25@yopmail.com
John26,john26@yopmail.com
John27,john27@yopmail.com
John28,john28@yopmail.com
John29,john29@yopmail.com
John30,john30@yopmail.com
John31,john31@yopmail.com
John32,john32@yopmail.com
John33,john33@yopmail.com
John34,john34@yopmail.com
John35,john35@yopmail.com
John36,john36@yopmail.com
John37,john37@yopmail.com
John38,john38@yopmail.com
John39,john39@yopmail.com
John40,john40@yopmail.com
John41,john41@yopmail.com
John42,john42@yopmail.com
John43,john43@yopmail.com
John44,john44@yopmail.com
John45,john45@yopmail.com
John46,john46@yopmail.com
John47,john47@yopmail.com
John48,john48@yopmail.com
John49,john49@yopmail.com
John50,john50@yopmail.com
John51,john51@yopmail.com
John52,john52@yopmail.com
John53,john53@yopmail.com
John54,john54@yopmail.com
John55,john55@yopmail.com
John56,john56@yopmail.com
John57,john57@yopmail.com
John58,john58@yopmail.com
John59,john59@yopmail.com
John60,john60@yopmail.com
John61,john61@yopmail.com
John62,john62@yopmail.com
John63,john63@yopmail.com
John64,john64@yopmail.com
John65,john65@yopmail.com
John66,john66@yopmail.com
John67,john67@yopmail.com
John68,john68@yopmail.com
John69,john69@yopmail.com
John70,john70@yopmail.com
John71,john71@yopmail.com
John72,john72@yopmail.com
John73,john73@yopmail.com
John74,john74@yopmail.com
John75,john75@yopmail.com
John76,john76@yopmail.com
John77,john77@yopmail.com
John78,john78@yopmail.com
John79,john79@yopmail.com
John80,john80@yopmail.com
John81,john81@yopmail.com
John82,john82@yopmail.com
John83,john83@yopmail.com
John84,john84@yopmail.com
John85,john85@yopmail.com
John86,john86@yopmail.com
John87,john87@yopmail.com
John88,john88@yopmail.com
John89,john89@yopmail.com
John90,john90@yopmail.com
John91,john91@yopmail.com
John92,john92@yopmail.com
John93,john93@yopmail.com
John94,john94@yopmail.com
John95,john95@yopmail.com
John96,john96@yopmail.com
John97,john97@yopmail.com
John98,john98@yopmail.com
John99,john99@yopmail.com
John100,john100@yopmail.com
John101,john101@yopmail.com
John102,john102@yopmail.com
John103,john103@yopmail.com
John104,john104@yopmail.com
John105,john105@yopmail.com
John106,john106@yopmail.com
John107,john107@yopmail.com
John108,john108@yopmail.com
John109,john109@yopmail.com
John110,john110@yopmail.com
John111,john111@yopmail.com
John112,john112@yopmail.com
John113,john113@yopmail.com
John114,john114@yopmail.com
John115,john115@yopmail.com
John116,john116@yopmail.com
John117,john117@yopmail.com
John118,john118@yopmail.com
John119,john119@yopmail.com
John120,john120@yopmail.com
John121,john121@yopmail.com
John122,john122@yopmail.com
John123,john123@yopmail.com
John124,john124@yopmail.com
John125,john125@yopmail.com
John126,john126@yopmail.com
John127,john127@yopmail.com
John128,john128@yopmail.com
John129,john129@yopmail.com
John130,john130@yopmail.com
John131,john131@yopmail.com
John132,john132@yopmail.com
John133,john133@yopmail.com
John134,john134@yopmail.com
John135,john135@yopmail.com
John136,john136@yopmail.com
John137,john137@yopmail.com
John138,john138@yopmail.com
John139,john139@yopmail.com
John140,john140@yopmail.com
John141,john141@yopmail.com
John142,john142@yopmail.com
John143,john143@yopmail.com
John144,john144@yopmail.com
John145,john145@yopmail.com
John146,john146@yopmail.com
John147,john147@yopmail.com
John148,john148@yopmail.com
John149,john149@yopmail.com
John150,john150@yopmail.com
